{"cameraMode":{"drawMode":0,"name":"Shaded","section":"Shading Mode"},"sceneLighting":true,"audioPlay":false,"sceneViewState":{"showFog":true,"showMaterialUpdate":false,"showSkybox":true,"showFlares":true,"showImageEffects":true,"showParticleSystems":true},"in2DMode":false,"pivot":{"x":-0.9914587736129761,"y":-0.3869944214820862,"z":7.719353199005127},"rotation":{"x":-0.03433244302868843,"y":-0.9289582967758179,"z":0.35763952136039736,"w":-0.08917704224586487},"size":4.801010608673096,"orthographic":true}