{"cameraMode":{"drawMode":0,"name":"Shaded","section":"Shading Mode"},"sceneLighting":false,"audioPlay":false,"sceneViewState":{"showFog":true,"showMaterialUpdate":false,"showSkybox":false,"showFlares":true,"showImageEffects":true,"showParticleSystems":true},"in2DMode":false,"pivot":{"x":-0.04357704520225525,"y":-8.940696716308594e-8,"z":8.09749984741211},"rotation":{"x":-0.03433244302868843,"y":-0.9289582967758179,"z":0.35763952136039736,"w":-0.08917704224586487},"size":2.658093214035034,"orthographic":true}